Strain,Filebase
RIL2-1,nR158-L2-G2-P26-GGTACCGA-CGATCAGC-READ[12].fastq.gz
RIL2-2,nR158-L2-G2-P27-ATAGCACA-CGATCAGC-READ[12].fastq.gz
RIL2-3,nR158-L2-G2-P28-TCAGACGG-CGATCAGC-READ[12].fastq.gz
RIL2-4,nR158-L2-G2-P29-GGATGCAT-CGATCAGC-READ[12].fastq.gz
RIL2-5,nR158-L2-G2-P30-ACACGGTT-CGATCAGC-READ[12].fastq.gz
RIL2-6,nR158-L2-G2-P31-CTTAGAGT-CGATCAGC-READ[12].fastq.gz
RIL2-7,nR158-L2-G2-P32-TTCCTCAT-CGATCAGC-READ[12].fastq.gz
RIL2-8,nR158-L2-G2-P33-CGTGCTGG-CGATCAGC-READ[12].fastq.gz
A123-0,A123-0_[12].fastq.gz
A123-1,A123-1_[12].fastq.gz
A123-2,A123-2_[12].fastq.gz
EG4-1,EG4-1_[12].fastq.gz
EG4-2,EG4-2_[12].fastq.gz
EG4-3,EG4-3_[12].fastq.gz
